{"cameraMode":{"drawMode":0,"name":"Shaded","section":"Shading Mode"},"sceneLighting":false,"audioPlay":false,"sceneViewState":{"showFog":true,"showMaterialUpdate":true,"showSkybox":false,"showFlares":true,"showImageEffects":true,"showParticleSystems":true},"in2DMode":false,"pivot":{"x":0.8969196081161499,"y":-2.330169200897217,"z":-1.3787078857421876},"rotation":{"x":-0.4482475221157074,"y":0.004110140725970268,"z":-0.002061296720057726,"w":-0.8938977122306824},"size":16.387943267822267,"orthographic":false}