{"cameraMode":{"drawMode":0,"name":"Shaded","section":"Shading Mode"},"sceneLighting":false,"audioPlay":false,"sceneViewState":{"showFog":true,"showMaterialUpdate":true,"showSkybox":false,"showFlares":true,"showImageEffects":true,"showParticleSystems":true},"in2DMode":false,"pivot":{"x":-2.5000038146972658,"y":0.028165791183710099,"z":-2.5},"rotation":{"x":-0.4482475221157074,"y":0.004110140725970268,"z":-0.002061296720057726,"w":-0.8938977122306824},"size":9.272505760192871,"orthographic":false}