{"cameraMode":{"drawMode":0,"name":"Shaded","section":"Shading Mode"},"sceneLighting":false,"audioPlay":false,"sceneViewState":{"showFog":true,"showMaterialUpdate":true,"showSkybox":false,"showFlares":true,"showImageEffects":true,"showParticleSystems":true},"in2DMode":false,"pivot":{"x":-0.009621843695640564,"y":-0.012737981975078583,"z":-0.13847754895687104},"rotation":{"x":-0.282157301902771,"y":0.5288710594177246,"z":-0.19204021990299226,"w":-0.7770478129386902},"size":1.7210729122161866,"orthographic":false}