{"cameraMode":{"drawMode":0,"name":"Shaded","section":"Shading Mode"},"sceneLighting":false,"audioPlay":false,"sceneViewState":{"showFog":true,"showMaterialUpdate":true,"showSkybox":false,"showFlares":true,"showImageEffects":true,"showParticleSystems":true},"in2DMode":false,"pivot":{"x":2.515150785446167,"y":-0.013077199459075928,"z":-2.5},"rotation":{"x":-0.4482475221157074,"y":0.004110140725970268,"z":-0.002061296720057726,"w":-0.8938977122306824},"size":9.327603340148926,"orthographic":false}