{"cameraMode":{"drawMode":0,"name":"Shaded","section":"Shading Mode"},"sceneLighting":false,"audioPlay":false,"sceneViewState":{"showFog":true,"showMaterialUpdate":true,"showSkybox":false,"showFlares":true,"showImageEffects":true,"showParticleSystems":true},"in2DMode":false,"pivot":{"x":0.40685081481933596,"y":2.104139804840088,"z":0.2753010094165802},"rotation":{"x":-0.4482475221157074,"y":0.004110140725970268,"z":-0.002061296720057726,"w":-0.8938977122306824},"size":8.786202430725098,"orthographic":false}